{"miniprogramRoot":"","__compileDebugInfo__":{"from":"devtools","useNewCompileModule":true,"devtoolsVersion":"1.06.2301160","compileSetting":{"urlCheck":true,"es6":true,"enhance":true,"postcss":true,"preloadBackgroundData":false,"minified":true,"coverView":true,"autoAudits":false,"showShadowRootInWxmlPanel":true,"uglifyFileName":false,"checkInvalidKey":true,"uploadWithSourceMap":true,"compileHotReLoad":false,"lazyloadPlaceholderEnable":false,"useMultiFrameRuntime":true,"useApiHook":true,"useApiHostProcess":true,"babelSetting":{"ignore":[],"disablePlugins":[],"outputPath":""},"scriptsEnable":false,"useIsolateContext":true,"packNpmManually":false,"packNpmRelationList":[],"minifyWXSS":true,"disableUseStrict":false,"minifyWXML":true,"showES6CompileOption":false,"useCompilerPlugins":false,"ignoreUploadUnusedFiles":false,"useStaticServer":true,"localPlugins":false,"bigPackageSizeSupport":false,"useLanDebug":false,"ignoreDevUnusedFiles":false,"condition":false},"ciVersion":"1.9.2"}}